order_id,customer_id,product_code,order_date,amount,currency,order_status,shipping_address,payment_method
1001,64,P002,10/09/2023,263.4,EUR,pending,"Rua 105, Bairro Fernandes, Cidade X",paypal
1002,15,P011,30/05/2023,2903.81,BRL,cancelled,"Rua 80, Bairro Costa, Cidade X",pix
1003,67,P021,02/04/2024,784.6,EUR,pending,"Rua 100, Bairro Moreira, Cidade X",credit_card
1004,45,P001,30/09/2023,3279.4,EUR,delivered,"Rua 10, Bairro Moreira, Cidade X",pix
1005,6,P021,10/01/2025,4518.95,BRL,shipped,"Rua 187, Bairro Oliveira, Cidade X",credit_card
1006,61,P021,09/03/2025,652.68,USD,cancelled,"Rua 12, Bairro Ribeiro, Cidade X",paypal
1007,56,P002,29/12/2024,2618.18,BRL,pending,"Rua 159, Bairro Almeida, Cidade X",paypal
1008,75,P010,27/02/2023,3726.89,BRL,cancelled,"Rua 33, Bairro Cardoso, Cidade X",credit_card
1009,49,P001,26/10/2024,238.42,USD,pending,"Rua 6, Bairro Dias, Cidade X",pix
1010,28,P001,18/12/2024,1700.72,BRL,cancelled,"Rua 135, Bairro Rocha, Cidade X",paypal
1011,13,P010,23/04/2023,1517.69,USD,delivered,"Rua 10, Bairro Cardoso, Cidade X",pix
1012,48,P030,29/11/2024,2851.14,USD,delivered,"Rua 39, Bairro Silva, Cidade X",credit_card
1013,42,P001,06/10/2023,1078.52,USD,pending,"Rua 159, Bairro Fernandes, Cidade X",paypal
1014,25,P011,02/12/2024,3628.46,USD,delivered,"Rua 24, Bairro Gomes, Cidade X",pix
1015,23,P021,30/07/2023,238.1,USD,pending,"Rua 59, Bairro Gomes, Cidade X",paypal
1016,80,P021,05/12/2024,3061.5,EUR,pending,"Rua 106, Bairro Pereira, Cidade X",credit_card
1017,5,P030,13/01/2024,2399.53,EUR,pending,"Rua 154, Bairro Freitas, Cidade X",credit_card
1018,22,P021,22/06/2024,2254.13,BRL,pending,"Rua 144, Bairro Cardoso, Cidade X",credit_card
1019,82,P010,25/08/2023,4566.98,USD,shipped,"Rua 99, Bairro Lima, Cidade X",boleto
1020,58,P003,03/03/2025,2858.23,EUR,cancelled,"Rua 21, Bairro Cardoso, Cidade X",credit_card
1021,18,P001,23/12/2024,2636.96,EUR,delivered,"Rua 117, Bairro Mendes, Cidade X",paypal
1022,40,P003,21/12/2023,3690.51,BRL,pending,"Rua 21, Bairro Cardoso, Cidade X",paypal
1023,72,P020,19/03/2025,3759.3,EUR,delivered,"Rua 92, Bairro Cardoso, Cidade X",boleto
1024,4,P002,27/10/2024,2610.74,EUR,delivered,"Rua 159, Bairro Souza, Cidade X",paypal
1025,4,P001,04/06/2023,1185.47,BRL,shipped,"Rua 67, Bairro Costa, Cidade X",credit_card
1026,77,P021,09/05/2024,2994.88,BRL,cancelled,"Rua 138, Bairro Cardoso, Cidade X",pix
1027,41,P003,23/05/2024,3837.37,BRL,cancelled,"Rua 91, Bairro Mendes, Cidade X",pix
1028,84,P020,23/07/2024,4901.1,BRL,cancelled,"Rua 170, Bairro Souza, Cidade X",paypal
1029,70,P030,07/05/2023,3813.1,EUR,delivered,"Rua 160, Bairro Souza, Cidade X",boleto
1030,41,P020,06/12/2023,3448.21,BRL,delivered,"Rua 58, Bairro Freitas, Cidade X",paypal
1031,55,P010,25/02/2025,1882.34,USD,pending,"Rua 102, Bairro Pereira, Cidade X",pix
1032,86,P010,07/02/2025,1407.63,BRL,cancelled,"Rua 163, Bairro Costa, Cidade X",pix
1033,82,P021,01/04/2025,1298.54,USD,cancelled,"Rua 98, Bairro Lima, Cidade X",pix
1034,48,P010,26/08/2023,4483.64,EUR,delivered,"Rua 40, Bairro Rocha, Cidade X",credit_card
1035,35,P011,31/12/2023,1895.94,EUR,cancelled,"Rua 199, Bairro Barbosa, Cidade X",paypal
1036,88,P010,06/04/2023,4298.95,EUR,shipped,"Rua 94, Bairro Barbosa, Cidade X",boleto
1037,51,P003,21/01/2024,2095.85,BRL,delivered,"Rua 41, Bairro Oliveira, Cidade X",pix
1038,29,P020,22/01/2023,4087.58,EUR,pending,"Rua 31, Bairro Ribeiro, Cidade X",boleto
1039,77,P003,10/11/2023,2299.98,BRL,cancelled,"Rua 170, Bairro Moreira, Cidade X",paypal
1040,27,P003,07/12/2023,4743.02,BRL,shipped,"Rua 111, Bairro Dias, Cidade X",boleto
1041,55,P003,01/03/2023,234.23,BRL,cancelled,"Rua 95, Bairro Souza, Cidade X",paypal
1042,48,P020,13/01/2024,1424.06,BRL,shipped,"Rua 148, Bairro Silva, Cidade X",boleto
1043,84,P010,28/02/2024,247.33,USD,shipped,"Rua 114, Bairro Ribeiro, Cidade X",boleto
1044,76,P002,29/05/2024,4099.81,EUR,shipped,"Rua 80, Bairro Lima, Cidade X",paypal
1045,86,P010,12/04/2024,3511.33,EUR,shipped,"Rua 195, Bairro Mendes, Cidade X",paypal
1046,34,P002,24/09/2023,196.55,BRL,shipped,"Rua 44, Bairro Mendes, Cidade X",boleto
1047,88,P021,17/05/2024,756.75,USD,cancelled,"Rua 135, Bairro Costa, Cidade X",boleto
1048,89,P021,15/12/2024,3752.52,EUR,delivered,"Rua 179, Bairro Freitas, Cidade X",boleto
1049,85,P003,23/12/2024,3017.18,EUR,shipped,"Rua 108, Bairro Moreira, Cidade X",pix
1050,69,P020,07/01/2024,1479.45,EUR,shipped,"Rua 37, Bairro Fernandes, Cidade X",boleto
1051,55,P003,25/02/2023,2414.01,BRL,delivered,"Rua 180, Bairro Araújo, Cidade X",credit_card
1052,10,P002,31/01/2025,4249.35,USD,pending,"Rua 35, Bairro Pereira, Cidade X",paypal
1053,91,P003,08/11/2024,1690.49,USD,shipped,"Rua 163, Bairro Araújo, Cidade X",pix
1054,58,P021,14/01/2023,1610.26,EUR,cancelled,"Rua 172, Bairro Fernandes, Cidade X",credit_card
1055,15,P001,12/08/2024,3629.33,EUR,shipped,"Rua 95, Bairro Almeida, Cidade X",paypal
1056,78,P003,23/07/2024,2753.53,EUR,shipped,"Rua 160, Bairro Fernandes, Cidade X",paypal
1057,69,P001,23/02/2025,3449.38,USD,cancelled,"Rua 139, Bairro Freitas, Cidade X",pix
1058,26,P003,18/06/2023,1481.37,EUR,cancelled,"Rua 154, Bairro Cardoso, Cidade X",paypal
1059,73,P003,28/08/2024,1004.83,BRL,delivered,"Rua 82, Bairro Souza, Cidade X",paypal
1060,37,P030,30/09/2023,3441.81,BRL,shipped,"Rua 172, Bairro Pereira, Cidade X",credit_card
1061,46,P001,06/01/2024,940.99,BRL,cancelled,"Rua 152, Bairro Moreira, Cidade X",boleto
1062,71,P021,07/07/2024,3002.41,BRL,shipped,"Rua 149, Bairro Lima, Cidade X",credit_card
1063,75,P010,31/03/2024,870.96,BRL,shipped,"Rua 28, Bairro Almeida, Cidade X",pix
1064,77,P020,21/06/2023,392.5,BRL,shipped,"Rua 189, Bairro Silva, Cidade X",paypal
1065,90,P030,28/06/2024,4700.63,BRL,delivered,"Rua 9, Bairro Gomes, Cidade X",boleto
1066,42,P021,06/03/2023,1229.89,USD,pending,"Rua 179, Bairro Gomes, Cidade X",credit_card
1067,91,P011,02/05/2024,237.09,USD,pending,"Rua 138, Bairro Mendes, Cidade X",paypal
1068,29,P002,01/05/2024,753.14,BRL,shipped,"Rua 67, Bairro Pereira, Cidade X",paypal
1069,12,P001,27/07/2024,1766.47,BRL,pending,"Rua 53, Bairro Rocha, Cidade X",boleto
1070,60,P021,09/03/2023,211.44,USD,cancelled,"Rua 153, Bairro Freitas, Cidade X",pix
1071,55,P021,27/06/2024,153.66,BRL,pending,"Rua 88, Bairro Moreira, Cidade X",paypal
1072,65,P030,07/06/2023,2715.08,EUR,pending,"Rua 54, Bairro Mendes, Cidade X",boleto
1073,39,P010,22/04/2023,2884.92,BRL,shipped,"Rua 107, Bairro Lima, Cidade X",pix
1074,21,P010,16/02/2023,4699.66,EUR,delivered,"Rua 181, Bairro Cardoso, Cidade X",boleto
1075,59,P003,13/12/2023,2162.04,USD,shipped,"Rua 66, Bairro Fernandes, Cidade X",boleto
1076,6,P010,05/01/2025,1797.2,USD,pending,"Rua 160, Bairro Pereira, Cidade X",paypal
1077,18,P002,15/04/2023,2525.32,USD,shipped,"Rua 26, Bairro Oliveira, Cidade X",paypal
1078,49,P002,26/04/2023,987.59,USD,cancelled,"Rua 13, Bairro Moreira, Cidade X",boleto
1079,88,P030,08/05/2023,3955.74,USD,shipped,"Rua 93, Bairro Ribeiro, Cidade X",boleto
1080,71,P011,25/05/2023,3925.14,BRL,pending,"Rua 188, Bairro Souza, Cidade X",boleto
1081,41,P011,13/11/2023,3272.98,USD,shipped,"Rua 187, Bairro Rocha, Cidade X",boleto
1082,10,P021,10/09/2024,3616.92,EUR,shipped,"Rua 123, Bairro Dias, Cidade X",paypal
1083,11,P002,02/03/2023,1188.18,BRL,cancelled,"Rua 105, Bairro Pereira, Cidade X",pix
1084,64,P002,04/12/2024,4568.09,EUR,cancelled,"Rua 163, Bairro Barbosa, Cidade X",credit_card
1085,57,P002,02/10/2024,805.62,BRL,shipped,"Rua 116, Bairro Cardoso, Cidade X",paypal
1086,16,P021,27/06/2023,2168.99,BRL,shipped,"Rua 88, Bairro Costa, Cidade X",boleto
1087,15,P003,14/11/2023,3673.13,EUR,cancelled,"Rua 53, Bairro Gomes, Cidade X",credit_card
1088,44,P010,14/08/2024,737.18,USD,cancelled,"Rua 197, Bairro Barbosa, Cidade X",credit_card
1089,86,P021,20/11/2023,1466.98,EUR,delivered,"Rua 104, Bairro Martins, Cidade X",boleto
1090,69,P020,15/01/2024,1087.54,USD,shipped,"Rua 185, Bairro Gomes, Cidade X",pix
1091,66,P021,14/06/2023,1197.15,USD,pending,"Rua 46, Bairro Almeida, Cidade X",pix
1092,50,P001,20/05/2024,3517.52,EUR,shipped,"Rua 108, Bairro Fernandes, Cidade X",pix
1093,49,P020,28/11/2024,2608.13,USD,pending,"Rua 157, Bairro Dias, Cidade X",credit_card
1094,21,P030,10/04/2024,3881.06,EUR,pending,"Rua 46, Bairro Souza, Cidade X",pix
1095,13,P002,27/02/2025,842.64,BRL,delivered,"Rua 162, Bairro Fernandes, Cidade X",boleto
1096,4,P011,16/03/2024,3356.47,EUR,cancelled,"Rua 51, Bairro Almeida, Cidade X",credit_card
1097,79,P001,01/07/2023,2449.59,USD,shipped,"Rua 138, Bairro Freitas, Cidade X",boleto
1098,7,P021,24/04/2023,199.38,EUR,cancelled,"Rua 102, Bairro Mendes, Cidade X",boleto
1099,34,P001,08/05/2024,4774.68,BRL,shipped,"Rua 74, Bairro Fernandes, Cidade X",pix
1100,57,P020,28/01/2025,900.16,EUR,delivered,"Rua 160, Bairro Lima, Cidade X",pix
1101,2,P010,19/10/2023,2442.88,USD,delivered,"Rua 78, Bairro Martins, Cidade X",boleto
1102,90,P021,15/11/2024,730.53,USD,pending,"Rua 193, Bairro Pereira, Cidade X",paypal
1103,21,P001,19/08/2023,213.26,USD,shipped,"Rua 69, Bairro Costa, Cidade X",pix
1104,83,P001,23/09/2024,304.87,USD,cancelled,"Rua 69, Bairro Ribeiro, Cidade X",paypal
1105,76,P002,04/10/2023,558.07,EUR,delivered,"Rua 130, Bairro Cardoso, Cidade X",boleto
1106,69,P003,23/07/2023,4575.95,BRL,cancelled,"Rua 134, Bairro Silva, Cidade X",pix
1107,93,P003,07/04/2023,2889.25,BRL,pending,"Rua 187, Bairro Pereira, Cidade X",credit_card
1108,1,P011,04/10/2023,1175.29,BRL,shipped,"Rua 31, Bairro Freitas, Cidade X",paypal
1109,24,P030,16/12/2023,1682.37,USD,pending,"Rua 16, Bairro Souza, Cidade X",credit_card
1110,60,P030,10/05/2023,624.85,BRL,cancelled,"Rua 63, Bairro Moreira, Cidade X",boleto
1111,95,P030,16/11/2023,3484.27,EUR,shipped,"Rua 36, Bairro Moreira, Cidade X",paypal
1112,98,P001,20/05/2024,4716.88,USD,cancelled,"Rua 12, Bairro Dias, Cidade X",paypal
1113,22,P010,08/08/2024,4625.35,EUR,delivered,"Rua 86, Bairro Pereira, Cidade X",paypal
1114,3,P002,02/02/2024,3567.88,EUR,delivered,"Rua 84, Bairro Martins, Cidade X",paypal
1115,97,P011,19/03/2025,1102.85,BRL,shipped,"Rua 192, Bairro Costa, Cidade X",paypal
1116,48,P002,10/05/2023,1506.12,USD,cancelled,"Rua 153, Bairro Rocha, Cidade X",paypal
1117,80,P010,20/08/2024,1244.45,USD,pending,"Rua 73, Bairro Silva, Cidade X",paypal
1118,54,P021,05/01/2025,663.51,USD,pending,"Rua 143, Bairro Barbosa, Cidade X",paypal
1119,17,P002,06/03/2024,2681.1,EUR,delivered,"Rua 147, Bairro Costa, Cidade X",boleto
1120,80,P001,25/07/2023,3724.77,EUR,cancelled,"Rua 58, Bairro Gomes, Cidade X",pix
1121,40,P010,27/02/2025,4484.6,BRL,cancelled,"Rua 39, Bairro Freitas, Cidade X",boleto
1122,34,P021,04/06/2023,494.31,EUR,delivered,"Rua 9, Bairro Costa, Cidade X",paypal
1123,42,P003,04/04/2024,3843.93,EUR,cancelled,"Rua 100, Bairro Almeida, Cidade X",paypal
1124,65,P010,18/07/2023,3723.01,EUR,cancelled,"Rua 40, Bairro Silva, Cidade X",paypal
1125,77,P030,17/01/2025,3218.09,BRL,shipped,"Rua 74, Bairro Moreira, Cidade X",paypal
1126,50,P002,28/05/2023,4460.93,USD,cancelled,"Rua 117, Bairro Cardoso, Cidade X",paypal
1127,41,P003,17/09/2024,2419.07,BRL,pending,"Rua 45, Bairro Gomes, Cidade X",pix
1128,17,P021,21/05/2023,3141.4,BRL,shipped,"Rua 97, Bairro Oliveira, Cidade X",paypal
1129,99,P001,09/01/2023,1713.61,EUR,delivered,"Rua 84, Bairro Fernandes, Cidade X",credit_card
1130,92,P003,03/11/2024,1240.74,USD,cancelled,"Rua 41, Bairro Mendes, Cidade X",boleto
1131,85,P020,25/05/2023,3476.68,BRL,shipped,"Rua 129, Bairro Martins, Cidade X",paypal
1132,40,P010,24/03/2023,1688.73,USD,delivered,"Rua 133, Bairro Martins, Cidade X",paypal
1133,82,P002,05/08/2024,1755.7,USD,delivered,"Rua 89, Bairro Silva, Cidade X",paypal
1134,49,P020,03/04/2024,2255.72,BRL,pending,"Rua 185, Bairro Ribeiro, Cidade X",pix
1135,51,P001,20/08/2023,4680.13,BRL,shipped,"Rua 175, Bairro Almeida, Cidade X",pix
1136,86,P011,14/10/2024,1786.94,USD,delivered,"Rua 22, Bairro Costa, Cidade X",paypal
1137,98,P001,18/04/2023,4738.97,USD,delivered,"Rua 12, Bairro Pereira, Cidade X",boleto
1138,57,P011,27/05/2023,2178.69,USD,cancelled,"Rua 105, Bairro Lima, Cidade X",boleto
1139,37,P030,03/03/2023,4369.95,USD,shipped,"Rua 27, Bairro Oliveira, Cidade X",pix
1140,88,P011,07/10/2023,4430.76,BRL,cancelled,"Rua 152, Bairro Barbosa, Cidade X",boleto
1141,2,P001,04/10/2024,982.85,BRL,cancelled,"Rua 77, Bairro Martins, Cidade X",pix
1142,19,P011,17/10/2023,2438.23,EUR,shipped,"Rua 154, Bairro Moreira, Cidade X",credit_card
1143,100,P001,09/11/2024,4751.91,BRL,shipped,"Rua 45, Bairro Araújo, Cidade X",credit_card
1144,14,P003,25/05/2023,3207.24,USD,pending,"Rua 39, Bairro Fernandes, Cidade X",pix
1145,63,P011,26/05/2024,4205.17,BRL,shipped,"Rua 42, Bairro Araújo, Cidade X",boleto
1146,33,P011,30/05/2023,3415.22,BRL,delivered,"Rua 129, Bairro Almeida, Cidade X",pix
1147,89,P003,14/02/2024,2077.27,USD,shipped,"Rua 43, Bairro Moreira, Cidade X",boleto
1148,79,P003,04/05/2024,594.35,EUR,pending,"Rua 89, Bairro Silva, Cidade X",pix
1149,53,P002,16/08/2023,2996.97,USD,shipped,"Rua 173, Bairro Rocha, Cidade X",boleto
1150,11,P021,26/04/2024,225.87,USD,shipped,"Rua 62, Bairro Costa, Cidade X",pix
1151,19,P011,18/06/2024,1889.6,EUR,cancelled,"Rua 105, Bairro Araújo, Cidade X",boleto
1152,67,P003,28/01/2024,4582.74,EUR,shipped,"Rua 60, Bairro Almeida, Cidade X",pix
1153,26,P021,19/06/2023,2395.75,USD,delivered,"Rua 103, Bairro Lima, Cidade X",pix
1154,6,P010,27/06/2023,3150.92,EUR,delivered,"Rua 16, Bairro Araújo, Cidade X",credit_card
1155,56,P010,19/02/2025,1074.0,EUR,cancelled,"Rua 191, Bairro Gomes, Cidade X",pix
1156,39,P030,15/03/2025,1326.65,BRL,delivered,"Rua 13, Bairro Ribeiro, Cidade X",boleto
1157,1,P002,10/03/2025,3699.62,USD,pending,"Rua 133, Bairro Barbosa, Cidade X",boleto
1158,32,P002,12/05/2024,243.14,USD,cancelled,"Rua 118, Bairro Souza, Cidade X",credit_card
1159,59,P002,30/01/2024,4098.27,EUR,cancelled,"Rua 181, Bairro Lima, Cidade X",pix
1160,82,P003,21/01/2025,457.13,USD,delivered,"Rua 165, Bairro Cardoso, Cidade X",credit_card
1161,100,P002,26/12/2024,1267.69,BRL,cancelled,"Rua 194, Bairro Ribeiro, Cidade X",pix
1162,5,P030,11/11/2023,4078.49,BRL,cancelled,"Rua 191, Bairro Oliveira, Cidade X",credit_card
1163,4,P030,17/05/2024,2836.47,USD,shipped,"Rua 115, Bairro Araújo, Cidade X",paypal
1164,42,P020,03/06/2023,1189.19,USD,pending,"Rua 84, Bairro Dias, Cidade X",paypal
1165,70,P003,03/02/2025,1111.63,EUR,shipped,"Rua 114, Bairro Souza, Cidade X",paypal
1166,30,P001,11/05/2023,3480.93,BRL,pending,"Rua 82, Bairro Gomes, Cidade X",pix
1167,70,P010,25/03/2023,3339.0,EUR,delivered,"Rua 121, Bairro Almeida, Cidade X",boleto
1168,28,P002,11/07/2024,3941.66,USD,pending,"Rua 150, Bairro Cardoso, Cidade X",boleto
1169,86,P010,04/01/2024,1665.81,EUR,shipped,"Rua 153, Bairro Martins, Cidade X",credit_card
1170,77,P001,07/04/2023,3383.74,EUR,shipped,"Rua 147, Bairro Almeida, Cidade X",credit_card
1171,64,P011,02/11/2024,1487.66,BRL,pending,"Rua 20, Bairro Dias, Cidade X",pix
1172,84,P003,10/07/2023,590.92,USD,delivered,"Rua 38, Bairro Cardoso, Cidade X",credit_card
1173,45,P002,26/02/2024,3169.19,EUR,pending,"Rua 90, Bairro Souza, Cidade X",paypal
1174,67,P030,11/01/2023,3583.4,BRL,delivered,"Rua 56, Bairro Ribeiro, Cidade X",pix
1175,92,P030,07/07/2024,4244.87,EUR,pending,"Rua 8, Bairro Ribeiro, Cidade X",paypal
1176,69,P002,26/11/2023,764.3,BRL,cancelled,"Rua 85, Bairro Pereira, Cidade X",pix
1177,59,P002,01/05/2024,1023.5,EUR,cancelled,"Rua 72, Bairro Cardoso, Cidade X",boleto
1178,34,P003,25/07/2024,4754.53,EUR,delivered,"Rua 189, Bairro Souza, Cidade X",paypal
1179,5,P020,03/02/2024,1946.33,BRL,pending,"Rua 179, Bairro Cardoso, Cidade X",paypal
1180,49,P003,14/03/2025,3669.01,USD,pending,"Rua 190, Bairro Mendes, Cidade X",boleto
1181,4,P020,01/08/2024,3589.51,BRL,delivered,"Rua 175, Bairro Fernandes, Cidade X",paypal
1182,92,P002,07/02/2023,335.92,EUR,shipped,"Rua 75, Bairro Martins, Cidade X",pix
1183,26,P021,18/01/2025,1945.36,BRL,pending,"Rua 90, Bairro Cardoso, Cidade X",paypal
1184,59,P010,28/06/2024,2129.86,BRL,cancelled,"Rua 21, Bairro Moreira, Cidade X",pix
1185,21,P002,18/03/2024,2077.57,EUR,pending,"Rua 125, Bairro Barbosa, Cidade X",boleto
1186,17,P001,09/12/2024,4830.53,USD,shipped,"Rua 74, Bairro Silva, Cidade X",paypal
1187,82,P011,14/05/2024,3546.41,EUR,delivered,"Rua 34, Bairro Fernandes, Cidade X",paypal
1188,49,P003,05/01/2025,4181.63,EUR,delivered,"Rua 123, Bairro Costa, Cidade X",pix
1189,89,P020,04/05/2024,863.67,USD,shipped,"Rua 97, Bairro Gomes, Cidade X",paypal
1190,41,P030,12/09/2024,1918.6,BRL,delivered,"Rua 100, Bairro Cardoso, Cidade X",boleto
1191,87,P030,08/01/2023,2790.86,EUR,cancelled,"Rua 119, Bairro Martins, Cidade X",paypal
1192,86,P010,26/11/2023,2584.06,USD,delivered,"Rua 48, Bairro Dias, Cidade X",credit_card
1193,90,P001,26/08/2024,1532.3,BRL,delivered,"Rua 127, Bairro Cardoso, Cidade X",boleto
1194,37,P010,08/09/2023,4276.8,EUR,cancelled,"Rua 41, Bairro Lima, Cidade X",credit_card
1195,66,P030,31/10/2024,3008.67,BRL,pending,"Rua 110, Bairro Fernandes, Cidade X",pix
1196,99,P030,22/01/2024,2912.51,BRL,shipped,"Rua 61, Bairro Moreira, Cidade X",paypal
1197,53,P020,29/04/2023,2763.74,EUR,delivered,"Rua 151, Bairro Rocha, Cidade X",paypal
1198,6,P001,01/05/2023,1394.64,EUR,cancelled,"Rua 160, Bairro Freitas, Cidade X",paypal
1199,31,P011,11/02/2025,3929.89,BRL,pending,"Rua 74, Bairro Ribeiro, Cidade X",credit_card
1200,46,P001,22/02/2025,985.36,EUR,delivered,"Rua 44, Bairro Dias, Cidade X",boleto
1201,22,P021,21/08/2024,2949.67,USD,cancelled,"Rua 101, Bairro Mendes, Cidade X",credit_card
1202,22,P002,28/02/2023,3685.32,BRL,pending,"Rua 9, Bairro Dias, Cidade X",credit_card
1203,39,P001,22/09/2024,204.31,EUR,cancelled,"Rua 40, Bairro Araújo, Cidade X",pix
1204,74,P011,02/11/2024,4259.01,EUR,shipped,"Rua 6, Bairro Barbosa, Cidade X",credit_card
1205,36,P030,03/01/2024,3476.96,BRL,shipped,"Rua 174, Bairro Fernandes, Cidade X",boleto
1206,40,P010,01/11/2023,855.47,EUR,shipped,"Rua 73, Bairro Araújo, Cidade X",boleto
1207,16,P002,29/01/2023,1533.53,USD,cancelled,"Rua 141, Bairro Ribeiro, Cidade X",paypal
1208,89,P010,19/06/2024,4938.56,BRL,shipped,"Rua 96, Bairro Cardoso, Cidade X",pix
1209,88,P020,14/06/2024,648.15,BRL,cancelled,"Rua 120, Bairro Ribeiro, Cidade X",boleto
1210,61,P010,29/07/2023,2378.35,EUR,pending,"Rua 35, Bairro Costa, Cidade X",credit_card
1211,1,P010,29/01/2024,685.12,USD,cancelled,"Rua 27, Bairro Araújo, Cidade X",paypal
1212,23,P021,16/08/2024,4682.93,EUR,cancelled,"Rua 110, Bairro Araújo, Cidade X",pix
1213,17,P020,18/05/2023,2445.67,USD,pending,"Rua 117, Bairro Souza, Cidade X",paypal
1214,25,P003,16/09/2023,3512.33,BRL,delivered,"Rua 36, Bairro Almeida, Cidade X",credit_card
1215,25,P011,01/04/2025,215.36,USD,shipped,"Rua 100, Bairro Cardoso, Cidade X",paypal
1216,73,P011,25/05/2024,3840.54,USD,pending,"Rua 54, Bairro Pereira, Cidade X",boleto
1217,73,P001,16/11/2023,1931.62,USD,pending,"Rua 177, Bairro Cardoso, Cidade X",pix
1218,57,P010,09/08/2023,4900.81,BRL,shipped,"Rua 140, Bairro Rocha, Cidade X",boleto
1219,82,P020,11/02/2023,3269.52,BRL,shipped,"Rua 100, Bairro Costa, Cidade X",credit_card
1220,39,P021,08/03/2025,1046.52,USD,delivered,"Rua 195, Bairro Barbosa, Cidade X",boleto
1221,31,P030,12/07/2024,1683.14,BRL,pending,"Rua 31, Bairro Oliveira, Cidade X",boleto
1222,58,P003,21/11/2023,1271.88,EUR,delivered,"Rua 86, Bairro Fernandes, Cidade X",credit_card
1223,53,P002,22/02/2023,3562.08,USD,pending,"Rua 9, Bairro Almeida, Cidade X",credit_card
1224,80,P010,23/11/2024,245.2,EUR,cancelled,"Rua 85, Bairro Barbosa, Cidade X",credit_card
1225,79,P003,24/12/2023,3517.11,EUR,shipped,"Rua 83, Bairro Mendes, Cidade X",credit_card
1226,72,P030,29/01/2024,1835.83,USD,delivered,"Rua 19, Bairro Araújo, Cidade X",credit_card
1227,1,P020,06/07/2024,478.54,BRL,shipped,"Rua 37, Bairro Fernandes, Cidade X",credit_card
1228,79,P020,27/04/2024,1404.29,USD,cancelled,"Rua 34, Bairro Rocha, Cidade X",pix
1229,11,P021,14/04/2023,1883.64,BRL,delivered,"Rua 43, Bairro Gomes, Cidade X",pix
1230,94,P021,02/12/2024,2792.12,BRL,delivered,"Rua 151, Bairro Dias, Cidade X",credit_card
1231,87,P003,17/01/2023,3492.12,BRL,pending,"Rua 172, Bairro Silva, Cidade X",paypal
1232,20,P010,30/09/2024,4585.91,EUR,delivered,"Rua 90, Bairro Dias, Cidade X",boleto
1233,21,P030,24/04/2024,2652.83,EUR,delivered,"Rua 146, Bairro Pereira, Cidade X",pix
1234,91,P002,09/09/2024,4981.54,USD,delivered,"Rua 36, Bairro Mendes, Cidade X",credit_card
1235,16,P010,09/05/2024,2826.35,BRL,delivered,"Rua 188, Bairro Souza, Cidade X",boleto
1236,90,P020,21/06/2023,2005.41,USD,shipped,"Rua 181, Bairro Souza, Cidade X",boleto
1237,59,P002,29/01/2023,281.62,EUR,delivered,"Rua 40, Bairro Almeida, Cidade X",pix
1238,3,P021,16/12/2024,2943.66,USD,pending,"Rua 38, Bairro Rocha, Cidade X",paypal
1239,36,P030,10/10/2023,1957.51,BRL,pending,"Rua 6, Bairro Rocha, Cidade X",boleto
1240,55,P002,26/05/2024,298.82,EUR,pending,"Rua 121, Bairro Costa, Cidade X",pix
1241,18,P021,23/11/2023,307.09,BRL,cancelled,"Rua 22, Bairro Ribeiro, Cidade X",boleto
1242,11,P020,11/07/2024,1929.65,USD,pending,"Rua 48, Bairro Freitas, Cidade X",boleto
1243,37,P002,04/06/2023,1186.99,USD,cancelled,"Rua 153, Bairro Rocha, Cidade X",credit_card
1244,48,P003,19/07/2023,1674.68,EUR,shipped,"Rua 134, Bairro Freitas, Cidade X",paypal
1245,23,P021,11/08/2023,2481.87,BRL,pending,"Rua 15, Bairro Dias, Cidade X",paypal
1246,30,P021,25/01/2023,2786.26,BRL,cancelled,"Rua 197, Bairro Freitas, Cidade X",credit_card
1247,84,P010,27/03/2024,226.44,BRL,pending,"Rua 96, Bairro Silva, Cidade X",pix
1248,89,P001,03/03/2024,3348.83,EUR,shipped,"Rua 33, Bairro Pereira, Cidade X",pix
1249,21,P001,17/08/2023,2208.67,EUR,delivered,"Rua 153, Bairro Silva, Cidade X",credit_card
1250,20,P021,07/05/2024,1350.09,EUR,cancelled,"Rua 41, Bairro Ribeiro, Cidade X",credit_card
1251,44,P030,28/11/2023,1418.4,EUR,cancelled,"Rua 54, Bairro Gomes, Cidade X",credit_card
1252,76,P003,23/06/2024,211.86,BRL,pending,"Rua 77, Bairro Pereira, Cidade X",paypal
1253,84,P021,10/09/2023,1356.2,BRL,delivered,"Rua 151, Bairro Barbosa, Cidade X",credit_card
1254,65,P020,17/07/2023,3577.09,USD,shipped,"Rua 47, Bairro Rocha, Cidade X",pix
1255,24,P021,17/09/2023,4174.36,BRL,cancelled,"Rua 44, Bairro Martins, Cidade X",pix
1256,29,P010,28/12/2023,748.44,BRL,cancelled,"Rua 73, Bairro Barbosa, Cidade X",pix
1257,21,P001,19/04/2024,2024.42,EUR,pending,"Rua 59, Bairro Ribeiro, Cidade X",paypal
1258,96,P001,26/09/2024,1385.11,BRL,delivered,"Rua 139, Bairro Freitas, Cidade X",paypal
1259,25,P020,09/12/2024,2662.39,USD,shipped,"Rua 197, Bairro Cardoso, Cidade X",paypal
1260,55,P010,04/02/2025,723.35,BRL,cancelled,"Rua 173, Bairro Freitas, Cidade X",credit_card
1261,29,P002,14/03/2024,1675.86,EUR,delivered,"Rua 49, Bairro Gomes, Cidade X",boleto
1262,14,P001,05/12/2023,2982.33,USD,shipped,"Rua 194, Bairro Silva, Cidade X",pix
1263,84,P003,01/06/2023,2371.66,USD,shipped,"Rua 81, Bairro Costa, Cidade X",credit_card
1264,33,P002,13/01/2025,2469.37,USD,pending,"Rua 83, Bairro Barbosa, Cidade X",boleto
1265,85,P001,16/06/2023,107.09,BRL,cancelled,"Rua 104, Bairro Araújo, Cidade X",pix
1266,61,P030,28/11/2024,2455.05,BRL,delivered,"Rua 172, Bairro Ribeiro, Cidade X",boleto
1267,56,P020,16/08/2023,185.94,USD,delivered,"Rua 131, Bairro Dias, Cidade X",pix
1268,83,P002,27/03/2023,2285.61,USD,delivered,"Rua 116, Bairro Freitas, Cidade X",paypal
1269,100,P011,24/05/2023,4791.08,EUR,delivered,"Rua 113, Bairro Cardoso, Cidade X",paypal
1270,88,P030,17/05/2023,2844.2,USD,shipped,"Rua 54, Bairro Silva, Cidade X",pix
1271,74,P001,30/06/2024,166.2,EUR,pending,"Rua 151, Bairro Almeida, Cidade X",credit_card
1272,64,P021,04/08/2023,4525.73,EUR,cancelled,"Rua 198, Bairro Souza, Cidade X",boleto
1273,86,P030,07/06/2024,52.88,USD,delivered,"Rua 79, Bairro Cardoso, Cidade X",pix
1274,9,P003,18/05/2023,2416.1,BRL,shipped,"Rua 91, Bairro Freitas, Cidade X",boleto
1275,63,P030,20/10/2023,636.7,USD,pending,"Rua 165, Bairro Mendes, Cidade X",boleto
1276,64,P010,13/07/2024,861.45,BRL,pending,"Rua 123, Bairro Cardoso, Cidade X",pix
1277,51,P030,13/03/2023,4018.45,USD,cancelled,"Rua 140, Bairro Cardoso, Cidade X",pix
1278,93,P001,24/04/2024,861.22,USD,shipped,"Rua 142, Bairro Mendes, Cidade X",pix
1279,81,P002,01/09/2024,4211.58,USD,shipped,"Rua 81, Bairro Silva, Cidade X",paypal
1280,22,P010,09/11/2023,4339.78,USD,pending,"Rua 183, Bairro Silva, Cidade X",credit_card
1281,22,P003,17/12/2023,1427.94,BRL,cancelled,"Rua 11, Bairro Fernandes, Cidade X",paypal
1282,84,P011,09/07/2023,843.8,EUR,pending,"Rua 28, Bairro Pereira, Cidade X",pix
1283,93,P001,25/02/2023,397.59,BRL,cancelled,"Rua 140, Bairro Pereira, Cidade X",boleto
1284,5,P030,27/12/2024,3667.16,EUR,pending,"Rua 189, Bairro Moreira, Cidade X",paypal
1285,93,P003,01/02/2024,594.22,BRL,cancelled,"Rua 15, Bairro Mendes, Cidade X",pix
1286,93,P002,20/10/2023,803.6,EUR,delivered,"Rua 23, Bairro Costa, Cidade X",pix
1287,56,P010,07/02/2024,2142.93,USD,shipped,"Rua 11, Bairro Araújo, Cidade X",credit_card
1288,69,P020,24/01/2024,3924.18,BRL,delivered,"Rua 145, Bairro Martins, Cidade X",credit_card
1289,55,P002,12/01/2024,4184.09,BRL,cancelled,"Rua 132, Bairro Oliveira, Cidade X",credit_card
1290,24,P011,27/08/2023,3618.49,EUR,shipped,"Rua 137, Bairro Barbosa, Cidade X",boleto
1291,23,P021,15/04/2023,2380.55,USD,pending,"Rua 164, Bairro Dias, Cidade X",pix
1292,71,P001,09/12/2023,4217.18,USD,cancelled,"Rua 45, Bairro Cardoso, Cidade X",credit_card
1293,52,P010,05/03/2024,569.5,EUR,pending,"Rua 112, Bairro Moreira, Cidade X",paypal
1294,45,P021,23/06/2023,2694.05,BRL,cancelled,"Rua 3, Bairro Barbosa, Cidade X",boleto
1295,77,P030,23/07/2023,184.94,EUR,cancelled,"Rua 195, Bairro Pereira, Cidade X",boleto
1296,58,P003,22/03/2024,4449.03,USD,delivered,"Rua 147, Bairro Barbosa, Cidade X",credit_card
1297,67,P020,27/01/2023,4109.45,EUR,cancelled,"Rua 37, Bairro Rocha, Cidade X",pix
1298,68,P010,13/05/2023,99.55,BRL,pending,"Rua 174, Bairro Cardoso, Cidade X",paypal
1299,45,P002,17/03/2024,615.45,EUR,cancelled,"Rua 163, Bairro Silva, Cidade X",boleto
1300,16,P010,28/08/2023,2246.22,EUR,cancelled,"Rua 6, Bairro Silva, Cidade X",boleto
1301,98,P011,07/12/2024,3860.23,USD,cancelled,"Rua 11, Bairro Ribeiro, Cidade X",pix
1302,24,P011,28/12/2023,2093.32,EUR,delivered,"Rua 48, Bairro Fernandes, Cidade X",pix
1303,17,P002,11/04/2024,3872.02,USD,cancelled,"Rua 189, Bairro Silva, Cidade X",paypal
1304,4,P011,07/07/2024,1940.99,USD,shipped,"Rua 119, Bairro Oliveira, Cidade X",credit_card
1305,78,P002,31/03/2024,1583.8,BRL,delivered,"Rua 159, Bairro Martins, Cidade X",paypal
1306,92,P020,18/10/2024,1806.9,USD,delivered,"Rua 154, Bairro Rocha, Cidade X",pix
1307,37,P011,16/04/2024,2990.17,EUR,pending,"Rua 188, Bairro Araújo, Cidade X",paypal
1308,86,P020,28/07/2023,4183.77,BRL,delivered,"Rua 90, Bairro Pereira, Cidade X",boleto
1309,83,P003,28/06/2024,4194.17,EUR,delivered,"Rua 88, Bairro Lima, Cidade X",pix
1310,54,P020,29/12/2024,365.58,EUR,delivered,"Rua 67, Bairro Lima, Cidade X",pix
1311,7,P030,21/02/2025,1611.23,BRL,shipped,"Rua 53, Bairro Moreira, Cidade X",boleto
1312,41,P011,14/06/2024,4594.01,BRL,pending,"Rua 133, Bairro Lima, Cidade X",credit_card
1313,43,P030,18/05/2023,1189.72,EUR,cancelled,"Rua 155, Bairro Mendes, Cidade X",credit_card
1314,43,P030,01/07/2023,1526.08,USD,cancelled,"Rua 67, Bairro Barbosa, Cidade X",pix
1315,58,P002,25/01/2025,1264.33,BRL,cancelled,"Rua 91, Bairro Cardoso, Cidade X",boleto
1316,29,P010,11/08/2024,1048.77,USD,shipped,"Rua 135, Bairro Barbosa, Cidade X",paypal
1317,89,P030,09/09/2023,4709.03,EUR,pending,"Rua 149, Bairro Silva, Cidade X",boleto
1318,92,P021,03/10/2024,3621.91,BRL,pending,"Rua 26, Bairro Araújo, Cidade X",pix
1319,39,P030,15/07/2024,898.54,EUR,pending,"Rua 187, Bairro Lima, Cidade X",credit_card
1320,3,P003,29/08/2023,3953.94,BRL,cancelled,"Rua 64, Bairro Costa, Cidade X",pix
1321,26,P003,01/12/2024,2148.34,EUR,pending,"Rua 161, Bairro Pereira, Cidade X",paypal
1322,76,P011,18/01/2023,502.09,EUR,shipped,"Rua 163, Bairro Cardoso, Cidade X",paypal
1323,28,P010,16/11/2023,843.64,BRL,pending,"Rua 35, Bairro Lima, Cidade X",credit_card
1324,54,P003,28/08/2024,743.29,BRL,pending,"Rua 6, Bairro Barbosa, Cidade X",credit_card
1325,27,P010,25/12/2024,1954.49,USD,cancelled,"Rua 21, Bairro Almeida, Cidade X",pix
1326,2,P003,29/12/2024,3073.4,USD,cancelled,"Rua 59, Bairro Almeida, Cidade X",paypal
1327,28,P020,23/05/2024,3414.29,USD,cancelled,"Rua 61, Bairro Mendes, Cidade X",pix
1328,57,P002,29/08/2023,4155.21,EUR,delivered,"Rua 185, Bairro Costa, Cidade X",boleto
1329,98,P001,03/06/2023,148.59,EUR,cancelled,"Rua 134, Bairro Mendes, Cidade X",credit_card
1330,6,P003,01/08/2023,3642.66,EUR,shipped,"Rua 1, Bairro Lima, Cidade X",pix
1331,50,P003,17/10/2024,3199.72,USD,delivered,"Rua 116, Bairro Rocha, Cidade X",boleto
1332,58,P010,01/07/2024,3464.78,EUR,pending,"Rua 80, Bairro Cardoso, Cidade X",paypal
1333,18,P003,20/02/2024,4428.32,USD,pending,"Rua 199, Bairro Pereira, Cidade X",paypal
1334,27,P011,10/02/2024,3093.41,USD,delivered,"Rua 11, Bairro Cardoso, Cidade X",boleto
1335,93,P010,18/02/2024,890.25,USD,delivered,"Rua 108, Bairro Lima, Cidade X",paypal
1336,94,P010,04/08/2023,158.14,EUR,shipped,"Rua 170, Bairro Fernandes, Cidade X",credit_card
1337,73,P003,21/11/2024,4438.77,EUR,shipped,"Rua 186, Bairro Gomes, Cidade X",credit_card
1338,99,P010,27/03/2025,2833.02,EUR,cancelled,"Rua 91, Bairro Fernandes, Cidade X",paypal
1339,38,P021,15/06/2023,3160.25,USD,cancelled,"Rua 23, Bairro Dias, Cidade X",boleto
1340,54,P002,15/01/2025,1644.04,USD,shipped,"Rua 189, Bairro Moreira, Cidade X",credit_card
1341,5,P002,27/07/2024,4864.65,USD,cancelled,"Rua 76, Bairro Almeida, Cidade X",boleto
1342,77,P001,18/03/2024,3428.67,EUR,delivered,"Rua 104, Bairro Cardoso, Cidade X",pix
1343,82,P002,03/07/2024,2239.18,BRL,shipped,"Rua 186, Bairro Ribeiro, Cidade X",pix
1344,49,P003,12/03/2024,4880.65,USD,cancelled,"Rua 106, Bairro Cardoso, Cidade X",credit_card
1345,35,P030,07/06/2023,231.42,EUR,delivered,"Rua 119, Bairro Freitas, Cidade X",paypal
1346,89,P002,03/08/2023,243.31,USD,shipped,"Rua 87, Bairro Dias, Cidade X",paypal
1347,39,P001,26/04/2024,3453.77,EUR,shipped,"Rua 69, Bairro Fernandes, Cidade X",boleto
1348,77,P030,24/02/2023,3836.27,BRL,delivered,"Rua 90, Bairro Costa, Cidade X",credit_card
1349,76,P030,30/01/2024,1784.78,USD,delivered,"Rua 175, Bairro Cardoso, Cidade X",credit_card
1350,36,P010,10/08/2023,1889.06,USD,pending,"Rua 32, Bairro Cardoso, Cidade X",credit_card
1351,66,P001,12/01/2025,1784.13,EUR,shipped,"Rua 8, Bairro Barbosa, Cidade X",pix
1352,55,P003,02/12/2024,4677.47,EUR,pending,"Rua 17, Bairro Moreira, Cidade X",pix
1353,34,P011,24/01/2025,223.19,EUR,delivered,"Rua 52, Bairro Cardoso, Cidade X",credit_card
1354,27,P001,18/03/2023,1532.17,EUR,pending,"Rua 145, Bairro Cardoso, Cidade X",pix
1355,16,P020,03/10/2023,3460.2,USD,cancelled,"Rua 189, Bairro Souza, Cidade X",boleto
1356,72,P002,08/07/2023,2004.72,EUR,cancelled,"Rua 161, Bairro Mendes, Cidade X",boleto
1357,45,P011,17/05/2023,407.34,EUR,cancelled,"Rua 185, Bairro Cardoso, Cidade X",pix
1358,72,P030,24/05/2024,4916.62,USD,delivered,"Rua 37, Bairro Silva, Cidade X",credit_card
1359,15,P002,30/06/2023,4737.54,EUR,pending,"Rua 164, Bairro Rocha, Cidade X",paypal
1360,89,P002,05/09/2023,4419.73,BRL,pending,"Rua 102, Bairro Almeida, Cidade X",pix
1361,65,P003,25/02/2025,3230.35,BRL,cancelled,"Rua 32, Bairro Dias, Cidade X",boleto
1362,6,P030,16/02/2025,4086.12,USD,pending,"Rua 45, Bairro Dias, Cidade X",boleto
1363,60,P021,10/06/2023,2709.28,BRL,pending,"Rua 187, Bairro Souza, Cidade X",pix
1364,9,P010,13/03/2025,2147.43,EUR,delivered,"Rua 55, Bairro Ribeiro, Cidade X",pix
1365,10,P021,09/06/2023,3643.32,USD,cancelled,"Rua 130, Bairro Almeida, Cidade X",boleto
1366,87,P021,03/02/2024,510.66,BRL,delivered,"Rua 138, Bairro Cardoso, Cidade X",boleto
1367,2,P001,02/08/2023,3735.3,EUR,shipped,"Rua 66, Bairro Mendes, Cidade X",pix
1368,9,P030,10/12/2023,1917.12,USD,pending,"Rua 132, Bairro Mendes, Cidade X",boleto
1369,49,P021,30/12/2024,990.42,EUR,delivered,"Rua 92, Bairro Dias, Cidade X",pix
1370,84,P011,22/04/2024,2287.83,BRL,delivered,"Rua 162, Bairro Freitas, Cidade X",pix
1371,65,P001,30/01/2024,3711.1,USD,delivered,"Rua 91, Bairro Costa, Cidade X",credit_card
1372,28,P030,30/10/2023,3862.53,EUR,cancelled,"Rua 122, Bairro Silva, Cidade X",pix
1373,57,P030,05/06/2024,2267.58,BRL,cancelled,"Rua 157, Bairro Ribeiro, Cidade X",boleto
1374,12,P030,20/06/2024,454.19,USD,delivered,"Rua 56, Bairro Moreira, Cidade X",credit_card
1375,67,P020,28/11/2023,3908.1,EUR,cancelled,"Rua 185, Bairro Martins, Cidade X",credit_card
1376,55,P010,19/02/2023,4877.54,EUR,delivered,"Rua 138, Bairro Silva, Cidade X",pix
1377,2,P020,20/01/2024,582.38,USD,shipped,"Rua 198, Bairro Souza, Cidade X",paypal
1378,72,P001,06/12/2023,1750.18,BRL,shipped,"Rua 187, Bairro Mendes, Cidade X",credit_card
1379,62,P001,18/08/2024,477.69,USD,pending,"Rua 32, Bairro Oliveira, Cidade X",credit_card
1380,41,P020,08/04/2024,748.48,EUR,delivered,"Rua 10, Bairro Costa, Cidade X",credit_card
1381,80,P011,20/01/2025,2567.12,BRL,pending,"Rua 5, Bairro Almeida, Cidade X",pix
1382,14,P020,10/08/2024,1773.75,BRL,cancelled,"Rua 15, Bairro Moreira, Cidade X",paypal
1383,69,P003,06/08/2024,1845.31,EUR,delivered,"Rua 161, Bairro Freitas, Cidade X",pix
1384,34,P001,14/02/2025,4827.49,BRL,delivered,"Rua 74, Bairro Costa, Cidade X",paypal
1385,22,P020,20/05/2023,109.13,EUR,delivered,"Rua 78, Bairro Barbosa, Cidade X",credit_card
1386,53,P030,15/12/2023,220.44,EUR,pending,"Rua 57, Bairro Silva, Cidade X",paypal
1387,41,P010,04/12/2024,1923.15,BRL,cancelled,"Rua 131, Bairro Barbosa, Cidade X",credit_card
1388,38,P020,23/12/2023,3508.49,USD,delivered,"Rua 53, Bairro Rocha, Cidade X",paypal
1389,22,P030,03/04/2024,1106.77,USD,cancelled,"Rua 191, Bairro Cardoso, Cidade X",boleto
1390,25,P021,21/09/2024,236.51,BRL,pending,"Rua 179, Bairro Moreira, Cidade X",boleto
1391,66,P010,27/11/2024,832.6,USD,shipped,"Rua 191, Bairro Lima, Cidade X",paypal
1392,86,P011,01/06/2024,2865.29,EUR,shipped,"Rua 86, Bairro Oliveira, Cidade X",pix
1393,38,P002,23/11/2023,1996.26,USD,pending,"Rua 61, Bairro Freitas, Cidade X",pix
1394,18,P020,25/11/2023,4267.05,EUR,shipped,"Rua 132, Bairro Cardoso, Cidade X",boleto
1395,22,P002,27/01/2024,3581.92,USD,delivered,"Rua 141, Bairro Freitas, Cidade X",paypal
1396,46,P020,18/03/2024,4150.84,USD,delivered,"Rua 36, Bairro Costa, Cidade X",boleto
1397,64,P002,19/09/2024,2757.38,USD,shipped,"Rua 196, Bairro Freitas, Cidade X",pix
1398,24,P021,28/02/2023,3508.82,USD,shipped,"Rua 67, Bairro Gomes, Cidade X",paypal
1399,51,P003,07/07/2023,1173.54,USD,cancelled,"Rua 62, Bairro Costa, Cidade X",credit_card
1400,50,P002,15/10/2023,2888.7,EUR,shipped,"Rua 21, Bairro Mendes, Cidade X",boleto
1401,24,P002,02/03/2025,2807.94,USD,pending,"Rua 54, Bairro Dias, Cidade X",pix
1402,98,P021,05/10/2024,2599.1,EUR,cancelled,"Rua 58, Bairro Barbosa, Cidade X",pix
1403,21,P003,07/01/2024,4498.4,BRL,pending,"Rua 21, Bairro Cardoso, Cidade X",paypal
1404,68,P011,20/07/2024,2311.49,EUR,pending,"Rua 163, Bairro Moreira, Cidade X",pix
1405,2,P003,18/05/2023,2994.84,BRL,shipped,"Rua 11, Bairro Cardoso, Cidade X",paypal
1406,54,P020,11/12/2023,4744.76,USD,cancelled,"Rua 110, Bairro Rocha, Cidade X",credit_card
1407,36,P001,26/02/2025,2646.31,BRL,cancelled,"Rua 90, Bairro Gomes, Cidade X",paypal
1408,46,P011,31/05/2024,3708.13,EUR,shipped,"Rua 50, Bairro Moreira, Cidade X",pix
1409,53,P030,23/03/2023,4121.8,EUR,cancelled,"Rua 78, Bairro Cardoso, Cidade X",pix
1410,24,P003,06/05/2024,3260.3,USD,delivered,"Rua 42, Bairro Ribeiro, Cidade X",credit_card
1411,96,P020,16/12/2024,3457.16,USD,shipped,"Rua 51, Bairro Gomes, Cidade X",paypal
1412,99,P011,23/09/2024,4699.47,USD,cancelled,"Rua 52, Bairro Mendes, Cidade X",boleto
1413,4,P011,26/08/2024,736.57,EUR,cancelled,"Rua 184, Bairro Fernandes, Cidade X",credit_card
1414,76,P003,23/02/2025,302.19,BRL,pending,"Rua 47, Bairro Cardoso, Cidade X",boleto
1415,61,P003,03/04/2024,2707.99,USD,cancelled,"Rua 99, Bairro Gomes, Cidade X",credit_card
1416,25,P030,23/05/2023,3368.55,BRL,delivered,"Rua 89, Bairro Pereira, Cidade X",credit_card
1417,81,P030,20/03/2025,722.98,USD,pending,"Rua 184, Bairro Mendes, Cidade X",pix
1418,19,P001,23/07/2024,901.09,EUR,delivered,"Rua 90, Bairro Mendes, Cidade X",pix
1419,97,P021,14/03/2024,3484.91,BRL,shipped,"Rua 77, Bairro Barbosa, Cidade X",pix
1420,36,P001,14/03/2025,4979.65,BRL,delivered,"Rua 87, Bairro Mendes, Cidade X",paypal
1421,60,P030,12/06/2023,118.49,USD,shipped,"Rua 40, Bairro Martins, Cidade X",paypal
1422,56,P003,27/02/2025,2825.04,EUR,delivered,"Rua 190, Bairro Araújo, Cidade X",pix
1423,38,P001,08/02/2023,4370.84,BRL,pending,"Rua 133, Bairro Moreira, Cidade X",paypal
1424,89,P011,04/10/2024,4678.34,USD,pending,"Rua 147, Bairro Mendes, Cidade X",paypal
1425,89,P020,18/08/2024,2054.5,EUR,shipped,"Rua 190, Bairro Cardoso, Cidade X",paypal
1426,48,P002,16/11/2024,3444.97,BRL,shipped,"Rua 64, Bairro Freitas, Cidade X",paypal
1427,58,P001,25/06/2024,4192.14,USD,pending,"Rua 188, Bairro Cardoso, Cidade X",pix
1428,99,P001,05/11/2024,3817.99,EUR,pending,"Rua 35, Bairro Souza, Cidade X",credit_card
1429,80,P020,30/05/2024,215.64,EUR,shipped,"Rua 193, Bairro Fernandes, Cidade X",credit_card
1430,47,P010,18/05/2023,3482.59,EUR,cancelled,"Rua 151, Bairro Costa, Cidade X",boleto
1431,66,P002,23/08/2023,2526.66,USD,cancelled,"Rua 148, Bairro Moreira, Cidade X",pix
1432,37,P001,06/01/2023,4069.02,USD,delivered,"Rua 168, Bairro Cardoso, Cidade X",paypal
1433,74,P021,25/05/2024,4005.35,BRL,delivered,"Rua 115, Bairro Moreira, Cidade X",pix
1434,6,P021,05/03/2023,2834.69,BRL,cancelled,"Rua 34, Bairro Mendes, Cidade X",boleto
1435,85,P011,24/09/2023,3978.06,USD,shipped,"Rua 139, Bairro Gomes, Cidade X",credit_card
1436,6,P020,15/12/2023,1653.15,EUR,shipped,"Rua 190, Bairro Gomes, Cidade X",paypal
1437,78,P001,19/03/2023,81.55,EUR,delivered,"Rua 133, Bairro Dias, Cidade X",boleto
1438,42,P021,11/11/2023,887.19,EUR,delivered,"Rua 28, Bairro Cardoso, Cidade X",boleto
1439,41,P002,07/01/2023,4389.5,EUR,delivered,"Rua 197, Bairro Souza, Cidade X",pix
1440,51,P001,15/09/2023,1827.04,USD,pending,"Rua 166, Bairro Lima, Cidade X",pix
1441,18,P002,28/03/2025,4033.02,EUR,cancelled,"Rua 92, Bairro Cardoso, Cidade X",pix
1442,33,P010,19/12/2023,4290.86,EUR,delivered,"Rua 54, Bairro Silva, Cidade X",credit_card
1443,48,P003,20/09/2024,3896.28,EUR,delivered,"Rua 137, Bairro Pereira, Cidade X",pix
1444,23,P010,16/08/2024,2216.95,BRL,cancelled,"Rua 24, Bairro Dias, Cidade X",credit_card
1445,52,P002,28/06/2024,235.64,EUR,cancelled,"Rua 173, Bairro Freitas, Cidade X",credit_card
1446,96,P011,11/02/2025,2638.99,USD,shipped,"Rua 197, Bairro Dias, Cidade X",paypal
1447,11,P020,04/07/2024,781.0,BRL,cancelled,"Rua 128, Bairro Barbosa, Cidade X",pix
1448,15,P020,11/01/2024,1108.23,USD,shipped,"Rua 47, Bairro Ribeiro, Cidade X",boleto
1449,49,P001,03/08/2024,1597.22,USD,pending,"Rua 34, Bairro Oliveira, Cidade X",pix
1450,65,P001,05/04/2023,3019.15,EUR,pending,"Rua 140, Bairro Souza, Cidade X",credit_card
1451,80,P021,19/09/2023,1700.86,BRL,pending,"Rua 150, Bairro Rocha, Cidade X",pix
1452,82,P030,11/01/2023,1262.36,USD,shipped,"Rua 47, Bairro Souza, Cidade X",credit_card
1453,17,P010,18/02/2025,4360.39,USD,shipped,"Rua 175, Bairro Ribeiro, Cidade X",credit_card
1454,21,P010,02/09/2023,3055.08,USD,delivered,"Rua 193, Bairro Martins, Cidade X",boleto
1455,65,P021,27/03/2025,2151.14,EUR,cancelled,"Rua 84, Bairro Oliveira, Cidade X",boleto
1456,72,P002,22/07/2024,3754.18,EUR,cancelled,"Rua 3, Bairro Barbosa, Cidade X",boleto
1457,17,P001,16/01/2025,66.44,EUR,pending,"Rua 134, Bairro Gomes, Cidade X",boleto
1458,2,P011,19/04/2024,2650.73,BRL,cancelled,"Rua 144, Bairro Araújo, Cidade X",pix
1459,50,P020,29/03/2023,3717.67,BRL,pending,"Rua 60, Bairro Silva, Cidade X",credit_card
1460,31,P020,01/03/2025,3610.16,USD,pending,"Rua 186, Bairro Freitas, Cidade X",pix
1461,45,P020,30/03/2025,715.24,EUR,delivered,"Rua 94, Bairro Costa, Cidade X",paypal
1462,67,P003,14/02/2023,4707.35,EUR,pending,"Rua 179, Bairro Lima, Cidade X",credit_card
1463,35,P010,09/03/2023,4523.18,BRL,cancelled,"Rua 27, Bairro Rocha, Cidade X",paypal
1464,53,P011,12/09/2024,3259.9,BRL,shipped,"Rua 189, Bairro Lima, Cidade X",credit_card
1465,43,P011,05/04/2024,4853.24,EUR,delivered,"Rua 46, Bairro Souza, Cidade X",pix
1466,63,P003,11/03/2024,2226.39,BRL,cancelled,"Rua 85, Bairro Moreira, Cidade X",pix
1467,3,P020,10/04/2023,2167.47,USD,pending,"Rua 73, Bairro Ribeiro, Cidade X",paypal
1468,79,P001,30/09/2023,2743.21,BRL,pending,"Rua 17, Bairro Silva, Cidade X",boleto
1469,68,P011,28/06/2024,2636.11,EUR,cancelled,"Rua 112, Bairro Rocha, Cidade X",credit_card
1470,15,P003,12/06/2023,1206.41,BRL,shipped,"Rua 12, Bairro Silva, Cidade X",boleto
1471,5,P003,27/09/2024,1293.52,USD,delivered,"Rua 93, Bairro Martins, Cidade X",pix
1472,59,P021,26/10/2024,852.48,EUR,shipped,"Rua 186, Bairro Cardoso, Cidade X",boleto
1473,3,P011,08/11/2023,2271.29,EUR,cancelled,"Rua 68, Bairro Araújo, Cidade X",paypal
1474,83,P011,12/01/2025,2615.62,USD,cancelled,"Rua 104, Bairro Moreira, Cidade X",credit_card
1475,85,P001,24/10/2024,3300.48,EUR,shipped,"Rua 178, Bairro Dias, Cidade X",boleto
1476,21,P002,10/10/2024,3760.9,USD,cancelled,"Rua 94, Bairro Pereira, Cidade X",paypal
1477,40,P011,16/04/2023,1885.52,USD,shipped,"Rua 155, Bairro Costa, Cidade X",pix
1478,100,P010,26/05/2024,3165.23,EUR,cancelled,"Rua 37, Bairro Fernandes, Cidade X",boleto
1479,3,P002,17/03/2024,1347.31,BRL,cancelled,"Rua 96, Bairro Araújo, Cidade X",boleto
1480,77,P020,04/12/2024,2342.49,BRL,pending,"Rua 180, Bairro Mendes, Cidade X",credit_card
1481,33,P020,16/09/2023,1930.36,BRL,pending,"Rua 13, Bairro Lima, Cidade X",pix
1482,87,P021,20/11/2024,4767.41,USD,cancelled,"Rua 126, Bairro Costa, Cidade X",credit_card
1483,12,P003,27/03/2024,3249.18,USD,cancelled,"Rua 68, Bairro Oliveira, Cidade X",boleto
1484,52,P003,24/02/2023,509.6,EUR,shipped,"Rua 100, Bairro Lima, Cidade X",boleto
1485,35,P020,26/03/2024,340.02,BRL,pending,"Rua 62, Bairro Lima, Cidade X",pix
1486,29,P030,18/07/2024,253.24,BRL,shipped,"Rua 199, Bairro Fernandes, Cidade X",paypal
1487,11,P020,01/09/2023,286.03,EUR,shipped,"Rua 98, Bairro Ribeiro, Cidade X",credit_card
1488,19,P011,02/12/2023,4689.45,EUR,pending,"Rua 126, Bairro Dias, Cidade X",boleto
1489,97,P020,10/04/2024,1794.96,USD,cancelled,"Rua 109, Bairro Martins, Cidade X",paypal
1490,57,P003,18/07/2024,4959.36,EUR,delivered,"Rua 84, Bairro Freitas, Cidade X",pix
1491,97,P021,31/08/2024,3883.96,EUR,delivered,"Rua 49, Bairro Pereira, Cidade X",pix
1492,63,P030,14/10/2024,553.98,BRL,cancelled,"Rua 144, Bairro Cardoso, Cidade X",pix
1493,35,P011,14/06/2023,3010.49,USD,pending,"Rua 197, Bairro Martins, Cidade X",pix
1494,11,P001,07/12/2023,3115.71,USD,cancelled,"Rua 8, Bairro Rocha, Cidade X",paypal
1495,100,P001,19/02/2024,4028.04,USD,cancelled,"Rua 190, Bairro Fernandes, Cidade X",credit_card
1496,10,P001,09/09/2024,1454.96,USD,shipped,"Rua 90, Bairro Costa, Cidade X",boleto
1497,48,P001,29/11/2023,241.09,EUR,pending,"Rua 87, Bairro Dias, Cidade X",boleto
1498,87,P011,09/05/2023,4508.04,USD,delivered,"Rua 96, Bairro Gomes, Cidade X",paypal
1499,60,P003,24/02/2023,4784.26,EUR,cancelled,"Rua 188, Bairro Gomes, Cidade X",paypal
1500,48,P021,29/06/2023,2508.63,BRL,pending,"Rua 9, Bairro Fernandes, Cidade X",boleto
